<?xml version="1.0" encoding="UTF-8" ?>
<!--
  ~ Licensed to the Apache Software Foundation (ASF) under one or more
  ~ contributor license agreements.  See the NOTICE file distributed with
  ~ this work for additional information regarding copyright ownership.
  ~ The ASF licenses this file to You under the Apache License, Version 2.0
  ~ (the "License"); you may not use this file except in compliance with
  ~ the License.  You may obtain a copy of the License at
  ~
  ~     http://www.apache.org/licenses/LICENSE-2.0
  ~
  ~ Unless required by applicable law or agreed to in writing, software
  ~ distributed under the License is distributed on an "AS IS" BASIS,
  ~ WITHOUT WARRANTIES OR CONDITIONS OF ANY KIND, either express or implied.
  ~ See the License for the specific language governing permissions and
  ~ limitations under the License.
  -->

<!DOCTYPE mapper PUBLIC "-//mybatis.org//DTD Mapper 3.0//EN" "http://mybatis.org/dtd/mybatis-3-mapper.dtd" >
<mapper namespace="org.apache.dolphinscheduler.dao.mapper.ResourceMapper">
    <select id="queryResourceList" resultType="org.apache.dolphinscheduler.dao.entity.Resource">
        select *
        from t_ds_resources
        where 1= 1
        <if test="alias != null and alias != ''">
            and alias = #{alias}
        </if>
        <if test="type != -1">
            and type = #{type}
        </if>
        <if test="userId != 0">
            and user_id = #{userId}
        </if>
    </select>
    <select id="queryResourceListAuthored" resultType="org.apache.dolphinscheduler.dao.entity.Resource">
        select *
        from t_ds_resources
        where 1 = 1
        <if test="type != -1">
            and type=#{type}
        </if>
        <if test="userId != 0">
            and id in (select resources_id from  t_ds_relation_resources_user where user_id=#{userId}
            union select id as resources_id  from t_ds_resources where user_id=#{userId})
        </if>
    </select>
    <select id="queryResourcePaging" resultType="org.apache.dolphinscheduler.dao.entity.Resource">
        select *
        from t_ds_resources
        where type=#{type}
        <if test="userId != 0">
            and id in (select resources_id from  t_ds_relation_resources_user where user_id=#{userId}
            union select id as resources_id  from t_ds_resources where user_id=#{userId})
        </if>
        <if test="searchVal != null and searchVal != ''">
            and  alias like concat('%', #{searchVal}, '%')
        </if>
        order by update_time desc
    </select>
    <select id="queryAuthorizedResourceList" resultType="org.apache.dolphinscheduler.dao.entity.Resource">
        select r.*
        from  t_ds_resources r,t_ds_relation_resources_user rel
        where r.id = rel.resources_id AND rel.user_id = #{userId}
    </select>
    <select id="queryResourceExceptUserId" resultType="org.apache.dolphinscheduler.dao.entity.Resource">
        select *
        from  t_ds_resources
        where user_id <![CDATA[ <> ]]> #{userId}
    </select>
    <select id="queryTenantCodeByResourceName" resultType="java.lang.String">
        select tenant_code
        from t_ds_tenant t, t_ds_user u, t_ds_resources res
        where t.id = u.tenant_id and u.id = res.user_id and res.type=0
        and res.alias= #{resName}
    </select>
</mapper>
